{"filesMd5":[{"page":"/config/index.js","md5":"9aca78f245933af56e7132d8c7fb424b"},{"page":"/mediator/index.js","md5":"785bda4dfd88b304df2b9ffcc47b5999"},{"page":"/pages/RoadPricing-POS/arrearage/index.js","md5":"3bd3df254c42add6083e86efdfb14ab3"},{"page":"/pages/RoadPricing-POS/arrearageDetail/index.js","md5":"b4df531a31e36cb256efb837b903098d"},{"page":"/pages/RoadPricing-POS/arrearageHistory/index.js","md5":"7af4c1b34a703d02cd05e5e2e0b39034"},{"page":"/pages/RoadPricing-POS/arrearageList/index.js","md5":"e3cdb51ba5399b534e95c1aede58febe"},{"page":"/pages/RoadPricing-POS/home/index.js","md5":"21f475213c427da653de45a7aefa10ce"},{"page":"/pages/RoadPricing-POS/identify/index.js","md5":"685cd207786467241f09df8a08cab9bc"},{"page":"/pages/RoadPricing-POS/index.js","md5":"e04143708cac0d8c4fdf411d9b64e29d"},{"page":"/pages/RoadPricing-POS/mine/index.js","md5":"58958061e645c66f20666f3473ec2de8"},{"page":"/pages/RoadPricing-POS/payType/index.js","md5":"ce6f57608d0ed524ef3f75e8949d841a"},{"page":"/pages/RoadPricing-POS/putIn/index.js","md5":"37cf8afc465cf124c37642c9c2f8424a"},{"page":"/pages/RoadPricing-POS/putInFinish/index.js","md5":"9261246c38b2bd0776898ed37cb560cc"},{"page":"/pages/RoadPricing-POS/putOut/index.js","md5":"a5481ea59a18cb93f39b3a6cb795d1ee"},{"page":"/pages/RoadPricing-POS/putOutFinish/index.js","md5":"a8b910d6d1d054ad61ceafaa1efb15cc"},{"page":"/pages/RoadPricing-POS/scan/index.js","md5":"177ece595d46fcfe0f5cc29e06e05705"},{"page":"/pages/RoadPricing-POS/setPW/index.js","md5":"6101e34a2a31e02108c033483c099ce1"},{"page":"/pages/RoadPricing-POS/tab/index.js","md5":"e3ab53aca3c1205434b550bd1021d460"},{"page":"/pages/demo/assets/index.js","md5":"3e4fcc1fa9504dea6b431c5aacfcfd37"},{"page":"/pages/demo/bmcalendar/index.js","md5":"78f4586728e1d5ef2ff6daf5688d1738"},{"page":"/pages/demo/bmchart/index.js","md5":"e8dea4fc151497510c4f47d2c41de0f9"},{"page":"/pages/demo/bmrichtext/index.js","md5":"d06f665bcbbb5f69087a7ac3dc464b96"},{"page":"/pages/demo/coms/index.js","md5":"55b77b6aa58e410b246c55d144d0bb06"},{"page":"/pages/demo/event/a.js","md5":"c97221adaaad848a3b2888009cc97a68"},{"page":"/pages/demo/event/b.js","md5":"e566e5abb4b84db68085e6a3dec100a2"},{"page":"/pages/demo/font/index.js","md5":"75db4d1a0eca0b026904358a9510ccd9"},{"page":"/pages/demo/globalAttr/index.js","md5":"9b87f0ca091c08fd7e7e6339ac757e6c"},{"page":"/pages/demo/image/index.js","md5":"5e87e50b42affd8116fa0f4604d006c4"},{"page":"/pages/demo/index.js","md5":"7ed481de7d93ea32c94cb7981eca1e25"},{"page":"/pages/demo/inputExtend/index.js","md5":"551a324e7debeb5f1b4f948c8150f1a6"},{"page":"/pages/demo/lifecycle/index.js","md5":"012eaa7304c222126a83a68793bbffcb"},{"page":"/pages/demo/navigator/index.js","md5":"0e3fdd0a20fa539743d76f3404e22daa"},{"page":"/pages/demo/notice/index.js","md5":"a241455daa6ff6c994af3c0c5284f44f"},{"page":"/pages/demo/other/waterfall.js","md5":"1c86babdd1a1009c241691cef8187a13"},{"page":"/pages/demo/refresh/index.js","md5":"598ae96936ddc651c83fa5a305abe3ee"},{"page":"/pages/demo/other/weex-ui/tab-page/index.js","md5":"6209179a50acff7591b5f74dc9a00dad"},{"page":"/pages/demo/router/home.js","md5":"18e6b29be119414dc1e20b9bd7a05eef"},{"page":"/pages/demo/router/index.js","md5":"e8650bf038a5e5912cb3f078984b2c65"},{"page":"/pages/demo/storage/index.js","md5":"2d205450984350e67dde1f8b38cdf907"},{"page":"/pages/demo/tools/index.js","md5":"8e40a6cb606efa293ccf77846dafb066"},{"page":"/iconfont/font_1469606063_76593.ttf","md5":"f6222bcfedff4a817bb50df7a049d1db"},{"page":"/iconfont/font_1469606522_9417143.woff","md5":"6cf5490fd14ff83350ff952bb5b8e484"},{"page":"/iconfont/font_zn5b3jswpofuhaor.ttf","md5":"c0356b22e8235d2b0be8880cc81894cc"},{"page":"/iconfont/iconfont-eros.ttf","md5":"68780fad0047dc5b02cb613ebb08cda1"},{"page":"/iconfont/iconfont.css","md5":"62e2078f2de94c16d86d6ad88b3f7b8d"},{"page":"/iconfont/iconfont.ttf","md5":"3a3ea3e37ca56ebbc00b177703f51627"},{"page":"/iconfont/iconfont.woff","md5":"76838852a46dc8e02122ee435d78e116"},{"page":"/assets/bank.png","md5":"96f70406fbe0d719fb8a8663402d6fee"},{"page":"/assets/camera.png","md5":"1af4223bf718ba20b80f25d177254810"},{"page":"/assets/car-disable.png","md5":"1a7ab0c8915804344d0ad33ad17cf80c"},{"page":"/assets/car-enable.png","md5":"24bb1d71859ff7dfad8f9b465cf5ece3"},{"page":"/assets/carInfo.jpg","md5":"ca99d438de1516adc9198dd3a9827600"},{"page":"/assets/carNumber.jpg","md5":"1d89d3a1301aff3a658d85040a4b1616"},{"page":"/assets/demo.jpg","md5":"332c4e7d5398207c1b49750369a72848"},{"page":"/assets/finish.jpg","md5":"29a48255958077c0c3921d1c2829f038"},{"page":"/assets/group.png","md5":"37dd11eeee816a436c217f6faa148e99"},{"page":"/assets/logo.png","md5":"a5e6e9ddc577afc8a495e9176620a090"},{"page":"/assets/no_arrears.jpg","md5":"3e7ee40c443dcdba54460ce6a2db4a38"},{"page":"/assets/test.html","md5":"b0973d2a5864bbd286dd577309fa18ab"},{"page":"/assets/test.jpeg","md5":"58c74e921886aa24f88f758d494ebc6a"}],"android":"1.0.0","iOS":"1.0.0","appName":"RoadPricing-POS","jsVersion":"285631133bd2d4a22ea100d004e36060","timestamp":1525761195726,"jsPath":"https://app.weex-eros.com/source"}
