{"filesMd5":[{"page":"/config/index.js","md5":"e27e5d4b39accd955784fd2e64ce71c6"},{"page":"/mediator/index.js","md5":"785bda4dfd88b304df2b9ffcc47b5999"},{"page":"/pages/RoadPricing-POS/arrearage/index.js","md5":"3bd3df254c42add6083e86efdfb14ab3"},{"page":"/pages/RoadPricing-POS/arrearageDetail/index.js","md5":"144d582d564eacdc3b73de453a771ff9"},{"page":"/pages/RoadPricing-POS/arrearageHistory/index.js","md5":"756894ecb6be001cc0f0b7c8cf3d72ad"},{"page":"/pages/RoadPricing-POS/arrearageList/index.js","md5":"02df414ee0881654b82393480c2ddc71"},{"page":"/pages/RoadPricing-POS/home/index.js","md5":"2b85bc19b1666f0ad5627c25f0eb840e"},{"page":"/pages/RoadPricing-POS/identify/index.js","md5":"108b65c6b414566acd0a7a20b9d93e2d"},{"page":"/pages/RoadPricing-POS/index.js","md5":"4a692ed4e649e3169a50e2f1af1cdaa9"},{"page":"/pages/RoadPricing-POS/mine/index.js","md5":"ef7be80ab6cb90c266d31b4d90600de2"},{"page":"/pages/RoadPricing-POS/payType/index.js","md5":"665ab0dd01650c53739972beeab37986"},{"page":"/pages/RoadPricing-POS/putIn/index.js","md5":"928a31e941788bbc22c04e38809c1cf3"},{"page":"/pages/RoadPricing-POS/putInFinish/index.js","md5":"bf14dcac2727907bd599f28f3d81040d"},{"page":"/pages/RoadPricing-POS/putOut/index.js","md5":"60df9b9e65a20cac6edabc3204947273"},{"page":"/pages/RoadPricing-POS/putOutFinish/index.js","md5":"f60471647baba06a211617d820419b44"},{"page":"/pages/RoadPricing-POS/scan/index.js","md5":"03c4e26b8a1e657f235ee4c37eeaa303"},{"page":"/pages/RoadPricing-POS/setPW/index.js","md5":"85b75e0236495d0d74496d95661ae6f8"},{"page":"/pages/RoadPricing-POS/tab/index.js","md5":"537894ea0533d062339935a046c126c8"},{"page":"/pages/demo/assets/index.js","md5":"3e4fcc1fa9504dea6b431c5aacfcfd37"},{"page":"/pages/demo/bmcalendar/index.js","md5":"78f4586728e1d5ef2ff6daf5688d1738"},{"page":"/pages/demo/bmchart/index.js","md5":"e8dea4fc151497510c4f47d2c41de0f9"},{"page":"/pages/demo/bmrichtext/index.js","md5":"d06f665bcbbb5f69087a7ac3dc464b96"},{"page":"/pages/demo/coms/index.js","md5":"55b77b6aa58e410b246c55d144d0bb06"},{"page":"/pages/demo/event/a.js","md5":"c97221adaaad848a3b2888009cc97a68"},{"page":"/pages/demo/event/b.js","md5":"e566e5abb4b84db68085e6a3dec100a2"},{"page":"/pages/demo/font/index.js","md5":"75db4d1a0eca0b026904358a9510ccd9"},{"page":"/pages/demo/globalAttr/index.js","md5":"9b87f0ca091c08fd7e7e6339ac757e6c"},{"page":"/pages/demo/image/index.js","md5":"5e87e50b42affd8116fa0f4604d006c4"},{"page":"/pages/demo/index.js","md5":"7ed481de7d93ea32c94cb7981eca1e25"},{"page":"/pages/demo/inputExtend/index.js","md5":"551a324e7debeb5f1b4f948c8150f1a6"},{"page":"/pages/demo/lifecycle/index.js","md5":"012eaa7304c222126a83a68793bbffcb"},{"page":"/pages/demo/navigator/index.js","md5":"0e3fdd0a20fa539743d76f3404e22daa"},{"page":"/pages/demo/notice/index.js","md5":"a241455daa6ff6c994af3c0c5284f44f"},{"page":"/pages/demo/other/waterfall.js","md5":"1c86babdd1a1009c241691cef8187a13"},{"page":"/pages/demo/other/weex-ui/tab-page/index.js","md5":"6209179a50acff7591b5f74dc9a00dad"},{"page":"/pages/demo/refresh/index.js","md5":"598ae96936ddc651c83fa5a305abe3ee"},{"page":"/pages/demo/router/home.js","md5":"18e6b29be119414dc1e20b9bd7a05eef"},{"page":"/pages/demo/router/index.js","md5":"e8650bf038a5e5912cb3f078984b2c65"},{"page":"/pages/demo/storage/index.js","md5":"2d205450984350e67dde1f8b38cdf907"},{"page":"/pages/demo/tools/index.js","md5":"8e40a6cb606efa293ccf77846dafb066"},{"page":"/iconfont/font_1469606063_76593.ttf","md5":"f6222bcfedff4a817bb50df7a049d1db"},{"page":"/iconfont/font_1469606522_9417143.woff","md5":"6cf5490fd14ff83350ff952bb5b8e484"},{"page":"/iconfont/font_zn5b3jswpofuhaor.ttf","md5":"c0356b22e8235d2b0be8880cc81894cc"},{"page":"/iconfont/iconfont-eros.ttf","md5":"68780fad0047dc5b02cb613ebb08cda1"},{"page":"/iconfont/iconfont.css","md5":"62e2078f2de94c16d86d6ad88b3f7b8d"},{"page":"/iconfont/iconfont.ttf","md5":"3a3ea3e37ca56ebbc00b177703f51627"},{"page":"/iconfont/iconfont.woff","md5":"76838852a46dc8e02122ee435d78e116"},{"page":"/assets/bank.png","md5":"96f70406fbe0d719fb8a8663402d6fee"},{"page":"/assets/camera.png","md5":"1af4223bf718ba20b80f25d177254810"},{"page":"/assets/car-disable.png","md5":"1a7ab0c8915804344d0ad33ad17cf80c"},{"page":"/assets/car-enable.png","md5":"24bb1d71859ff7dfad8f9b465cf5ece3"},{"page":"/assets/carInfo.jpg","md5":"ca99d438de1516adc9198dd3a9827600"},{"page":"/assets/carNumber.jpg","md5":"1d89d3a1301aff3a658d85040a4b1616"},{"page":"/assets/demo.jpg","md5":"332c4e7d5398207c1b49750369a72848"},{"page":"/assets/finish.jpg","md5":"29a48255958077c0c3921d1c2829f038"},{"page":"/assets/group.png","md5":"37dd11eeee816a436c217f6faa148e99"},{"page":"/assets/logo.png","md5":"a5e6e9ddc577afc8a495e9176620a090"},{"page":"/assets/no_arrears.jpg","md5":"3e7ee40c443dcdba54460ce6a2db4a38"},{"page":"/assets/test.html","md5":"b0973d2a5864bbd286dd577309fa18ab"},{"page":"/assets/test.jpeg","md5":"58c74e921886aa24f88f758d494ebc6a"}],"android":"1.0.0","iOS":"1.0.0","appName":"RoadPricing-POS","jsVersion":"c18474aebaa1a68cc37ff024bd36eb18","timestamp":1524558851668,"jsPath":"https://app.weex-eros.com/source"}
